fecha,hora,precio_spot_despacho,generadora_despacho,precio_spot_posdespacho,generadora_posdespacho,precio_carbon,precio_bunker,precio_referencia_ite,precio_demanda_ite,tipo_cambio
2021-02-01,00:00:00,38.41997660704639,ENERGÍA DEL CARIBE,43.9015589622677,JAGUAR ENERGY U2,0,0,0,0,0
2021-02-01,01:00:00,34.78508248726746,CHIXOY,43.9015589622677,JAGUAR ENERGY U2,0,0,0,0,0
2021-02-01,02:00:00,34.78508248726746,CHIXOY,43.9015589622677,JAGUAR ENERGY U2,0,0,0,0,0
2021-02-01,03:00:00,38.41997660704639,ENERGÍA DEL CARIBE,43.9015589622677,JAGUAR ENERGY U2,0,0,0,0,0
2021-02-01,04:00:00,38.41997660704639,ENERGÍA DEL CARIBE,43.9015589622677,JAGUAR ENERGY U2,0,0,0,0,0
2021-02-01,05:00:00,43.90155896226773,JAGUAR ENERGY U2,43.9015589622677,JAGUAR ENERGY U2,0,0,0,0,0
2021-02-01,06:00:00,44.37906915958133,JAGUAR ENERGY U2,44.3790691595813,JAGUAR ENERGY U2,0,0,0,0,0
2021-02-01,07:00:00,44.37906915958133,JAGUAR ENERGY U2,44.3790691595813,JAGUAR ENERGY U2,0,0,0,0,0
2021-02-01,08:00:00,44.37906915958133,JAGUAR ENERGY U2,44.3790691595813,JAGUAR ENERGY U2,0,0,0,0,0
2021-02-01,09:00:00,44.37906915958133,JAGUAR ENERGY U2,46.948813053932,JAGUAR ENERGY U1,0,0,0,0,0
2021-02-01,10:00:00,44.37906915958133,JAGUAR ENERGY U2,44.3790691595813,JAGUAR ENERGY U2,0,0,0,0,0
2021-02-01,11:00:00,44.37906915958133,JAGUAR ENERGY U2,44.3790691595813,JAGUAR ENERGY U2,0,0,0,0,0
2021-02-01,12:00:00,44.37906915958133,JAGUAR ENERGY U2,44.3790691595813,JAGUAR ENERGY U2,0,0,0,0,0
2021-02-01,13:00:00,44.37906915958133,JAGUAR ENERGY U2,44.3790691595813,JAGUAR ENERGY U2,0,0,0,0,0
2021-02-01,14:00:00,44.37906915958133,JAGUAR ENERGY U2,44.3790691595813,JAGUAR ENERGY U2,0,0,0,0,0
2021-02-01,15:00:00,44.37906915958133,JAGUAR ENERGY U2,44.3790691595813,JAGUAR ENERGY U2,0,0,0,0,0
2021-02-01,16:00:00,44.37906915958133,JAGUAR ENERGY U2,44.3790691595813,JAGUAR ENERGY U2,0,0,0,0,0
2021-02-01,17:00:00,44.37906915958133,JAGUAR ENERGY U2,44.3790691595813,JAGUAR ENERGY U2,0,0,0,0,0
2021-02-01,18:00:00,44.459298914014994,JAGUAR ENERGY U2,44.4592989140149,JAGUAR ENERGY U2,0,0,0,0,0
2021-02-01,19:00:00,44.459298914014994,JAGUAR ENERGY U2,44.4592989140149,JAGUAR ENERGY U2,0,0,0,0,0
2021-02-01,20:00:00,44.459298914014994,JAGUAR ENERGY U2,44.4592989140149,JAGUAR ENERGY U2,0,0,0,0,0
2021-02-01,21:00:00,44.459298914014994,JAGUAR ENERGY U2,47.0336884651022,JAGUAR ENERGY U2,0,0,0,0,0
2021-02-01,22:00:00,38.41997660704639,ENERGÍA DEL CARIBE,46.4436529095314,JAGUAR ENERGY U2,0,0,0,0,0
2021-02-01,23:00:00,16.930107949192355,TRINIDAD BLOQUE 4,46.4436529095314,JAGUAR ENERGY U2,0,0,0,0,0
2021-02-02,00:00:00,44.28541120677893,JAGUAR ENERGY U1,44.2854112067789,JAGUAR ENERGY U2,0,0,0,0,0
2021-02-02,01:00:00,44.28541120677893,JAGUAR ENERGY U1,44.2854112067789,JAGUAR ENERGY U2,0,0,0,0,0
2021-02-02,02:00:00,44.28541120677893,JAGUAR ENERGY U1,46.8497318924655,JAGUAR ENERGY U2,0,0,0,0,0
2021-02-02,03:00:00,44.28541120677893,JAGUAR ENERGY U1,46.8497318924655,JAGUAR ENERGY U2,0,0,0,0,0
2021-02-02,04:00:00,44.28541120677893,JAGUAR ENERGY U1,46.8497318924655,JAGUAR ENERGY U2,0,0,0,0,0
2021-02-02,05:00:00,44.28541120677893,JAGUAR ENERGY U1,46.8497318924655,JAGUAR ENERGY U2,0,0,0,0,0
2021-02-02,06:00:00,44.49671620940287,JAGUAR ENERGY U1,44.4967162094028,JAGUAR ENERGY U2,0,0,0,0,0
2021-02-02,07:00:00,44.49671620940287,JAGUAR ENERGY U2,44.4967162094028,JAGUAR ENERGY U2,0,0,0,0,0
2021-02-02,08:00:00,44.49671620940287,JAGUAR ENERGY U2,44.4967162094028,JAGUAR ENERGY U2,0,0,0,0,0
2021-02-02,09:00:00,44.49671620940287,JAGUAR ENERGY U2,44.4967162094028,JAGUAR ENERGY U2,0,0,0,0,0
2021-02-02,10:00:00,44.49671620940287,JAGUAR ENERGY U2,44.4967162094028,JAGUAR ENERGY U2,0,0,0,0,0
2021-02-02,11:00:00,44.49671620940287,JAGUAR ENERGY U2,44.4967162094028,JAGUAR ENERGY U2,0,0,0,0,0
2021-02-02,12:00:00,44.49671620940287,JAGUAR ENERGY U2,47.0732723869693,JAGUAR ENERGY U2,0,0,0,0,0
2021-02-02,13:00:00,44.49671620940287,JAGUAR ENERGY U2,47.0732723869693,JAGUAR ENERGY U2,0,0,0,0,0
2021-02-02,14:00:00,44.49671620940287,JAGUAR ENERGY U1,38.61039927,INTERCONEXIÓN CON MÉXICO (IMPORTACIÓN EDC-I),0,0,0,0,0
2021-02-02,15:00:00,44.49671620940287,JAGUAR ENERGY U1,38.61039927,INTERCONEXIÓN CON MÉXICO (IMPORTACIÓN EDC-I),0,0,0,0,0
2021-02-02,16:00:00,44.49671620940287,JAGUAR ENERGY U1,38.61039927,INTERCONEXIÓN CON MÉXICO (IMPORTACIÓN EDC-I),0,0,0,0,0
2021-02-02,17:00:00,44.49671620940287,JAGUAR ENERGY U1,38.61039927,INTERCONEXIÓN CON MÉXICO (IMPORTACIÓN EDC-I),0,0,0,0,0
2021-02-02,18:00:00,44.44513885876604,JAGUAR ENERGY U2,38.70854836,INTERCONEXIÓN CON MÉXICO (IMPORTACIÓN EDC-I),0,0,0,0,0
2021-02-02,19:00:00,44.44513885876604,JAGUAR ENERGY U2,38.70854836,INTERCONEXIÓN CON MÉXICO (IMPORTACIÓN EDC-I),0,0,0,0,0
2021-02-02,20:00:00,44.44513885876604,JAGUAR ENERGY U2,38.70854836,INTERCONEXIÓN CON MÉXICO (IMPORTACIÓN EDC-I),0,0,0,0,0
2021-02-02,21:00:00,44.44513885876604,JAGUAR ENERGY U2,38.70854836,INTERCONEXIÓN CON MÉXICO (IMPORTACIÓN EDC-I),0,0,0,0,0
2021-02-02,22:00:00,38.69967561987018,ENERGÍA DEL CARIBE,38.69967562,INTERCONEXIÓN CON MÉXICO (IMPORTACIÓN EDC-I),0,0,0,0,0
2021-02-02,23:00:00,38.69967561987018,ENERGÍA DEL CARIBE,38.69967562,INTERCONEXIÓN CON MÉXICO (IMPORTACIÓN EDC-I),0,0,0,0,0
2021-02-03,00:00:00,38.56486505010843,ENERGÍA DEL CARIBE,15.72469112,SANTA ANA BLOQUE 2,0,0,0,0,0
2021-02-03,01:00:00,38.56486505010843,ENERGÍA DEL CARIBE,16.99328001,TRINIDAD BLOQUE 4,0,0,0,0,0
2021-02-03,02:00:00,38.56486505010843,ENERGÍA DEL CARIBE,12.22185254,PANTALEON BLOQUE 1,0,0,0,0,0
2021-02-03,03:00:00,38.56486505010843,ENERGÍA DEL CARIBE,11.063158,PANTALEON BLOQUE 3,0,0,0,0,0
2021-02-03,04:00:00,38.56486505010843,ENERGÍA DEL CARIBE,11.063158,PANTALEON BLOQUE 3,0,0,0,0,0
2021-02-03,05:00:00,38.56486505010843,ENERGÍA DEL CARIBE,16.99328001,TRINIDAD BLOQUE 4,0,0,0,0,0
2021-02-03,06:00:00,38.567474956166684,ENERGÍA DEL CARIBE,38.56747496,INTERCONEXIÓN CON MÉXICO (IMPORTACIÓN EDC-I),0,0,0,0,0
2021-02-03,07:00:00,38.567474956166684,ENERGÍA DEL CARIBE,47.0054869362133,JAGUAR ENERGY U1,0,0,0,0,0
2021-02-03,08:00:00,38.567474956166684,ENERGÍA DEL CARIBE,47.0054869362133,JAGUAR ENERGY U2,0,0,0,0,0
2021-02-03,09:00:00,38.567474956166684,ENERGÍA DEL CARIBE,47.0054869362133,JAGUAR ENERGY U2,0,0,0,0,0
2021-02-03,10:00:00,38.567474956166684,ENERGÍA DEL CARIBE,44.4326409961773,JAGUAR ENERGY U2,0,0,0,0,0
2021-02-03,11:00:00,38.567474956166684,ENERGÍA DEL CARIBE,44.4326409961773,JAGUAR ENERGY U2,0,0,0,0,0
2021-02-03,12:00:00,38.567474956166684,ENERGÍA DEL CARIBE,44.4326409961773,JAGUAR ENERGY U2,0,0,0,0,0
2021-02-03,13:00:00,38.567474956166684,ENERGÍA DEL CARIBE,44.4326409961773,JAGUAR ENERGY U2,0,0,0,0,0
2021-02-03,14:00:00,38.567474956166684,ENERGÍA DEL CARIBE,47.0054869362133,JAGUAR ENERGY U2,0,0,0,0,0
2021-02-03,15:00:00,38.567474956166684,ENERGÍA DEL CARIBE,47.0054869362133,JAGUAR ENERGY U2,0,0,0,0,0
2021-02-03,16:00:00,38.567474956166684,ENERGÍA DEL CARIBE,47.0054869362133,JAGUAR ENERGY U2,0,0,0,0,0
2021-02-03,17:00:00,38.567474956166684,ENERGÍA DEL CARIBE,47.0054869362133,JAGUAR ENERGY U2,0,0,0,0,0
2021-02-03,18:00:00,44.392577967092095,JAGUAR ENERGY U2,44.392577967092,JAGUAR ENERGY U2,0,0,0,0,0
2021-02-03,19:00:00,44.392577967092095,JAGUAR ENERGY U2,44.392577967092,JAGUAR ENERGY U2,0,0,0,0,0
2021-02-03,20:00:00,44.392577967092095,JAGUAR ENERGY U2,38.64797582,INTERCONEXIÓN CON MÉXICO (IMPORTACIÓN EDC-I),0,0,0,0,0
2021-02-03,21:00:00,44.392577967092095,JAGUAR ENERGY U2,38.64797582,INTERCONEXIÓN CON MÉXICO (IMPORTACIÓN EDC-I),0,0,0,0,0
2021-02-03,22:00:00,38.56486505010843,ENERGÍA DEL CARIBE,38.56486505,INTERCONEXIÓN CON MÉXICO (IMPORTACIÓN EDC-I),0,0,0,0,0
2021-02-03,23:00:00,16.92715056996091,SANTA MARIA,34.52199638,CHIXOY,0,0,0,0,0
2021-02-04,00:00:00,44.195334254833504,JAGUAR ENERGY U2,38.29411002,INTERCONEXIÓN CON MÉXICO (IMPORTACIÓN EDC-I),0,0,0,0,0
2021-02-04,01:00:00,44.195334254833504,JAGUAR ENERGY U2,38.29411002,INTERCONEXIÓN CON MÉXICO (IMPORTACIÓN EDC-I),0,0,0,0,0
2021-02-04,02:00:00,44.195334254833504,JAGUAR ENERGY U2,46.7544390876042,JAGUAR ENERGY U2,0,0,0,0,0
2021-02-04,03:00:00,44.195334254833504,JAGUAR ENERGY U2,46.7544390876042,JAGUAR ENERGY U2,0,0,0,0,0
2021-02-04,04:00:00,44.195334254833504,JAGUAR ENERGY U2,46.7544390876042,JAGUAR ENERGY U2,0,0,0,0,0
2021-02-04,05:00:00,44.195334254833504,JAGUAR ENERGY U1,46.7544390876042,JAGUAR ENERGY U2,0,0,0,0,0
2021-02-04,06:00:00,44.420423426173485,JAGUAR ENERGY U1,44.4204234261734,JAGUAR ENERGY U2,0,0,0,0,0
2021-02-04,07:00:00,44.420423426173485,JAGUAR ENERGY U2,44.4204234261734,JAGUAR ENERGY U2,0,0,0,0,0
2021-02-04,08:00:00,44.420423426173485,JAGUAR ENERGY U2,44.4204234261734,JAGUAR ENERGY U2,0,0,0,0,0
2021-02-04,09:00:00,44.420423426173485,JAGUAR ENERGY U1,44.4204234261734,JAGUAR ENERGY U2,0,0,0,0,0
2021-02-04,10:00:00,44.420423426173485,JAGUAR ENERGY U1,44.4204234261734,JAGUAR ENERGY U2,0,0,0,0,0
2021-02-04,11:00:00,44.420423426173485,JAGUAR ENERGY U1,44.4204234261734,JAGUAR ENERGY U2,0,0,0,0,0
2021-02-04,12:00:00,44.420423426173485,JAGUAR ENERGY U1,44.4204234261734,JAGUAR ENERGY U2,0,0,0,0,0
2021-02-04,13:00:00,44.420423426173485,JAGUAR ENERGY U1,44.4204234261734,JAGUAR ENERGY U2,0,0,0,0,0
2021-02-04,14:00:00,44.420423426173485,JAGUAR ENERGY U1,44.4204234261734,JAGUAR ENERGY U2,0,0,0,0,0
2021-02-04,15:00:00,44.420423426173485,JAGUAR ENERGY U1,44.4204234261734,JAGUAR ENERGY U2,0,0,0,0,0
2021-02-04,16:00:00,44.420423426173485,JAGUAR ENERGY U1,44.4204234261734,JAGUAR ENERGY U2,0,0,0,0,0
2021-02-04,17:00:00,44.420423426173485,JAGUAR ENERGY U1,44.4204234261734,JAGUAR ENERGY U2,0,0,0,0,0
2021-02-04,18:00:00,44.443560035936564,JAGUAR ENERGY U1,44.4435600359365,JAGUAR ENERGY U2,0,0,0,0,0
2021-02-04,19:00:00,44.443560035936564,JAGUAR ENERGY U1,44.4435600359365,JAGUAR ENERGY U2,0,0,0,0,0
2021-02-04,20:00:00,44.443560035936564,JAGUAR ENERGY U1,44.4435600359365,JAGUAR ENERGY U2,0,0,0,0,0
2021-02-04,21:00:00,38.1175032230442,ENERGÍA DEL CARIBE,44.4435600359365,JAGUAR ENERGY U2,0,0,0,0,0
2021-02-04,22:00:00,44.195334254833504,JAGUAR ENERGY U1,44.1953342548335,JAGUAR ENERGY U2,0,0,0,0,0
2021-02-04,23:00:00,44.195334254833504,JAGUAR ENERGY U1,44.1953342548335,JAGUAR ENERGY U2,0,0,0,0,0
2021-02-05,00:00:00,44.43955994697973,JAGUAR ENERGY U1,44.4395599469797,JAGUAR ENERGY U2,0,0,0,0,0
2021-02-05,01:00:00,44.43955994697973,JAGUAR ENERGY U2,44.4395599469797,JAGUAR ENERGY U2,0,0,0,0,0
2021-02-05,02:00:00,44.43955994697973,JAGUAR ENERGY U2,44.4395599469797,JAGUAR ENERGY U2,0,0,0,0,0
2021-02-05,03:00:00,44.43955994697973,JAGUAR ENERGY U2,44.4395599469797,JAGUAR ENERGY U2,0,0,0,0,0
2021-02-05,04:00:00,44.43955994697973,JAGUAR ENERGY U2,44.4395599469797,JAGUAR ENERGY U2,0,0,0,0,0
2021-02-05,05:00:00,44.43955994697973,JAGUAR ENERGY U2,44.4395599469797,JAGUAR ENERGY U2,0,0,0,0,0
2021-02-05,06:00:00,44.556745231829744,JAGUAR ENERGY U1,44.5567452318297,JAGUAR ENERGY U2,0,0,0,0,0
2021-02-05,07:00:00,44.556745231829744,JAGUAR ENERGY U1,44.5567452318297,JAGUAR ENERGY U2,0,0,0,0,0
2021-02-05,08:00:00,44.556745231829744,JAGUAR ENERGY U2,44.5567452318297,JAGUAR ENERGY U2,0,0,0,0,0
2021-02-05,09:00:00,44.556745231829744,JAGUAR ENERGY U2,44.5567452318297,JAGUAR ENERGY U2,0,0,0,0,0
2021-02-05,10:00:00,44.556745231829744,JAGUAR ENERGY U2,44.5567452318297,JAGUAR ENERGY U2,0,0,0,0,0
2021-02-05,11:00:00,44.556745231829744,JAGUAR ENERGY U2,44.5567452318297,JAGUAR ENERGY U2,0,0,0,0,0
2021-02-05,12:00:00,44.556745231829744,JAGUAR ENERGY U2,44.5567452318297,JAGUAR ENERGY U2,0,0,0,0,0
2021-02-05,13:00:00,44.556745231829744,JAGUAR ENERGY U2,44.5567452318297,JAGUAR ENERGY U2,0,0,0,0,0
2021-02-05,14:00:00,44.556745231829744,JAGUAR ENERGY U2,44.5567452318297,JAGUAR ENERGY U2,0,0,0,0,0
2021-02-05,15:00:00,44.556745231829744,JAGUAR ENERGY U1,44.5567452318297,JAGUAR ENERGY U2,0,0,0,0,0
2021-02-05,16:00:00,44.556745231829744,JAGUAR ENERGY U1,44.5567452318297,JAGUAR ENERGY U2,0,0,0,0,0
2021-02-05,17:00:00,44.556745231829744,JAGUAR ENERGY U1,44.5567452318297,JAGUAR ENERGY U2,0,0,0,0,0
2021-02-05,18:00:00,44.46263846945706,JAGUAR ENERGY U1,44.462638469457,JAGUAR ENERGY U2,0,0,0,0,0
2021-02-05,19:00:00,44.46263846945706,JAGUAR ENERGY U1,44.462638469457,JAGUAR ENERGY U2,0,0,0,0,0
2021-02-05,20:00:00,44.46263846945706,JAGUAR ENERGY U1,44.462638469457,JAGUAR ENERGY U2,0,0,0,0,0
2021-02-05,21:00:00,38.10091737314355,ENERGÍA DEL CARIBE,44.462638469457,JAGUAR ENERGY U2,0,0,0,0,0
2021-02-05,22:00:00,44.43955994697973,JAGUAR ENERGY U1,44.4395599469797,JAGUAR ENERGY U2,0,0,0,0,0
2021-02-05,23:00:00,38.130575912060294,ENERGÍA DEL CARIBE,44.4395599469797,JAGUAR ENERGY U2,0,0,0,0,0
2021-02-06,00:00:00,44.40278795133358,JAGUAR ENERGY U2,46.9739052683685,JAGUAR ENERGY U2,0,0,0,0,0
2021-02-06,01:00:00,44.40278795133358,JAGUAR ENERGY U2,44.4027879513335,JAGUAR ENERGY U2,0,0,0,0,0
2021-02-06,02:00:00,44.40278795133358,JAGUAR ENERGY U2,44.4027879513335,JAGUAR ENERGY U2,0,0,0,0,0
2021-02-06,03:00:00,44.40278795133358,JAGUAR ENERGY U2,46.9739052683685,JAGUAR ENERGY U2,0,0,0,0,0
2021-02-06,04:00:00,44.40278795133358,JAGUAR ENERGY U2,44.4027879513335,JAGUAR ENERGY U2,0,0,0,0,0
2021-02-06,05:00:00,44.40278795133358,JAGUAR ENERGY U2,44.4027879513335,JAGUAR ENERGY U2,0,0,0,0,0
2021-02-06,06:00:00,44.489937526794584,JAGUAR ENERGY U2,44.4899375267945,JAGUAR ENERGY U2,0,0,0,0,0
2021-02-06,07:00:00,44.489937526794584,JAGUAR ENERGY U2,44.4899375267945,JAGUAR ENERGY U2,0,0,0,0,0
2021-02-06,08:00:00,44.489937526794584,JAGUAR ENERGY U2,44.4899375267945,JAGUAR ENERGY U2,0,0,0,0,0
2021-02-06,09:00:00,44.489937526794584,JAGUAR ENERGY U2,44.4899375267945,JAGUAR ENERGY U2,0,0,0,0,0
2021-02-06,10:00:00,44.489937526794584,JAGUAR ENERGY U2,44.4899375267945,JAGUAR ENERGY U2,0,0,0,0,0
2021-02-06,11:00:00,44.489937526794584,JAGUAR ENERGY U2,44.4899375267945,JAGUAR ENERGY U2,0,0,0,0,0
2021-02-06,12:00:00,44.489937526794584,JAGUAR ENERGY U2,44.4899375267945,JAGUAR ENERGY U2,0,0,0,0,0
2021-02-06,13:00:00,44.489937526794584,JAGUAR ENERGY U2,44.4899375267945,JAGUAR ENERGY U2,0,0,0,0,0
2021-02-06,14:00:00,44.489937526794584,JAGUAR ENERGY U2,44.4899375267945,JAGUAR ENERGY U2,0,0,0,0,0
2021-02-06,15:00:00,44.489937526794584,JAGUAR ENERGY U2,44.4899375267945,JAGUAR ENERGY U2,0,0,0,0,0
2021-02-06,16:00:00,44.489937526794584,JAGUAR ENERGY U2,44.4899375267945,JAGUAR ENERGY U2,0,0,0,0,0
2021-02-06,17:00:00,44.489937526794584,JAGUAR ENERGY U2,44.4899375267945,JAGUAR ENERGY U2,0,0,0,0,0
2021-02-06,18:00:00,44.535441847402524,JAGUAR ENERGY U2,44.5354418474025,JAGUAR ENERGY U2,0,0,0,0,0
2021-02-06,19:00:00,44.535441847402524,JAGUAR ENERGY U2,44.5354418474025,JAGUAR ENERGY U2,0,0,0,0,0
2021-02-06,20:00:00,44.535441847402524,JAGUAR ENERGY U2,44.5354418474025,JAGUAR ENERGY U2,0,0,0,0,0
2021-02-06,21:00:00,44.535441847402524,JAGUAR ENERGY U2,44.5354418474025,JAGUAR ENERGY U2,0,0,0,0,0
2021-02-06,22:00:00,44.40278795133358,JAGUAR ENERGY U2,44.4027879513335,JAGUAR ENERGY U2,0,0,0,0,0
2021-02-06,23:00:00,38.3052274514238,ENERGÍA DEL CARIBE,44.4027879513335,JAGUAR ENERGY U2,0,0,0,0,0
2021-02-07,00:00:00,38.98859967361568,ENERGÍA DEL CARIBE,44.4208195619639,JAGUAR ENERGY U2,0,0,0,0,0
2021-02-07,01:00:00,16.998389817464453,TRINIDAD BLOQUE 4,44.4208195619639,JAGUAR ENERGY U2,0,0,0,0,0
2021-02-07,02:00:00,15.730936228201593,SANTA ANA BLOQUE 2,44.4208195619639,JAGUAR ENERGY U2,0,0,0,0,0
2021-02-07,03:00:00,16.788608975709106,SANTA MARIA,44.4208195619639,JAGUAR ENERGY U2,0,0,0,0,0
2021-02-07,04:00:00,16.788608975709106,SANTA MARIA,44.4208195619639,JAGUAR ENERGY U2,0,0,0,0,0
2021-02-07,05:00:00,44.42081956196396,JAGUAR ENERGY U2,44.4208195619639,JAGUAR ENERGY U2,0,0,0,0,0
2021-02-07,06:00:00,44.38549941523727,JAGUAR ENERGY U2,44.3854994152372,JAGUAR ENERGY U2,0,0,0,0,0
2021-02-07,07:00:00,44.38549941523727,JAGUAR ENERGY U2,44.3854994152372,JAGUAR ENERGY U2,0,0,0,0,0
2021-02-07,08:00:00,44.38549941523727,JAGUAR ENERGY U2,44.3854994152372,JAGUAR ENERGY U2,0,0,0,0,0
2021-02-07,09:00:00,44.38549941523727,JAGUAR ENERGY U2,44.3854994152372,JAGUAR ENERGY U2,0,0,0,0,0
2021-02-07,10:00:00,44.38549941523727,JAGUAR ENERGY U2,44.3854994152372,JAGUAR ENERGY U2,0,0,0,0,0
2021-02-07,11:00:00,44.38549941523727,JAGUAR ENERGY U2,44.3854994152372,JAGUAR ENERGY U2,0,0,0,0,0
2021-02-07,12:00:00,44.38549941523727,JAGUAR ENERGY U2,46.9567973123958,JAGUAR ENERGY U2,0,0,0,0,0
2021-02-07,13:00:00,44.38549941523727,JAGUAR ENERGY U2,46.9567973123958,JAGUAR ENERGY U2,0,0,0,0,0
2021-02-07,14:00:00,44.38549941523727,JAGUAR ENERGY U2,46.9567973123958,JAGUAR ENERGY U2,0,0,0,0,0
2021-02-07,15:00:00,44.38549941523727,JAGUAR ENERGY U2,46.9567973123958,JAGUAR ENERGY U2,0,0,0,0,0
2021-02-07,16:00:00,44.38549941523727,JAGUAR ENERGY U2,46.9567973123958,JAGUAR ENERGY U2,0,0,0,0,0
2021-02-07,17:00:00,44.38549941523727,JAGUAR ENERGY U2,44.3854994152372,JAGUAR ENERGY U2,0,0,0,0,0
2021-02-07,18:00:00,38.81679101621186,ENERGÍA DEL CARIBE,44.4204596389766,JAGUAR ENERGY U2,0,0,0,0,0
2021-02-07,19:00:00,44.420459638976695,JAGUAR ENERGY U2,44.4204596389766,JAGUAR ENERGY U2,0,0,0,0,0
2021-02-07,20:00:00,44.420459638976695,JAGUAR ENERGY U1,44.4204596389766,JAGUAR ENERGY U2,0,0,0,0,0
2021-02-07,21:00:00,44.420459638976695,JAGUAR ENERGY U2,44.4204596389766,JAGUAR ENERGY U2,0,0,0,0,0
2021-02-07,22:00:00,44.42081956196396,JAGUAR ENERGY U1,44.4208195619639,JAGUAR ENERGY U2,0,0,0,0,0
2021-02-07,23:00:00,13.878719790137037,SECACAO,44.4208195619639,JAGUAR ENERGY U2,0,0,0,0,0
2021-02-08,00:00:00,44.3241577975479,JAGUAR ENERGY U2,44.3241577975478,JAGUAR ENERGY U2,0,0,0,0,0
2021-02-08,01:00:00,39.16350760224827,ENERGÍA DEL CARIBE,44.3241577975478,JAGUAR ENERGY U2,0,0,0,0,0
2021-02-08,02:00:00,39.16350760224827,ENERGÍA DEL CARIBE,44.3241577975478,JAGUAR ENERGY U2,0,0,0,0,0
2021-02-08,03:00:00,39.16350760224827,ENERGÍA DEL CARIBE,44.3241577975478,JAGUAR ENERGY U2,0,0,0,0,0
2021-02-08,04:00:00,39.16350760224827,ENERGÍA DEL CARIBE,44.3241577975478,JAGUAR ENERGY U2,0,0,0,0,0
2021-02-08,05:00:00,44.3241577975479,JAGUAR ENERGY U2,44.3241577975478,JAGUAR ENERGY U2,0,0,0,0,0
2021-02-08,06:00:00,44.55960818819445,JAGUAR ENERGY U2,44.5596081881944,JAGUAR ENERGY U2,0,0,0,0,0
2021-02-08,07:00:00,44.55960818819445,JAGUAR ENERGY U2,44.5596081881944,JAGUAR ENERGY U2,0,0,0,0,0
2021-02-08,08:00:00,44.55960818819445,JAGUAR ENERGY U2,44.5596081881944,JAGUAR ENERGY U2,0,0,0,0,0
2021-02-08,09:00:00,44.55960818819445,JAGUAR ENERGY U2,44.5596081881944,JAGUAR ENERGY U2,0,0,0,0,0
2021-02-08,10:00:00,44.55960818819445,JAGUAR ENERGY U2,44.5596081881944,JAGUAR ENERGY U2,0,0,0,0,0
2021-02-08,11:00:00,44.55960818819445,JAGUAR ENERGY U2,44.5596081881944,JAGUAR ENERGY U2,0,0,0,0,0
2021-02-08,12:00:00,44.55960818819445,JAGUAR ENERGY U2,44.5596081881944,JAGUAR ENERGY U2,0,0,0,0,0
2021-02-08,13:00:00,44.55960818819445,JAGUAR ENERGY U2,44.5596081881944,JAGUAR ENERGY U2,0,0,0,0,0
2021-02-08,14:00:00,44.55960818819445,JAGUAR ENERGY U1,44.5596081881944,JAGUAR ENERGY U2,0,0,0,0,0
2021-02-08,15:00:00,44.55960818819445,JAGUAR ENERGY U1,44.5596081881944,JAGUAR ENERGY U2,0,0,0,0,0
2021-02-08,16:00:00,44.55960818819445,JAGUAR ENERGY U1,44.5596081881944,JAGUAR ENERGY U2,0,0,0,0,0
2021-02-08,17:00:00,44.55960818819445,JAGUAR ENERGY U1,44.5596081881944,JAGUAR ENERGY U2,0,0,0,0,0
2021-02-08,18:00:00,44.56437582695652,JAGUAR ENERGY U2,44.5643758269564,JAGUAR ENERGY U2,0,0,0,0,0
2021-02-08,19:00:00,44.56437582695652,JAGUAR ENERGY U2,44.5643758269564,JAGUAR ENERGY U2,0,0,0,0,0
2021-02-08,20:00:00,44.56437582695652,JAGUAR ENERGY U1,44.5643758269564,JAGUAR ENERGY U2,0,0,0,0,0
2021-02-08,21:00:00,44.56437582695652,JAGUAR ENERGY U1,44.5643758269564,JAGUAR ENERGY U2,0,0,0,0,0
2021-02-08,22:00:00,44.3241577975479,JAGUAR ENERGY U1,44.3241577975478,JAGUAR ENERGY U2,0,0,0,0,0
2021-02-08,23:00:00,44.3241577975479,JAGUAR ENERGY U1,44.3241577975478,JAGUAR ENERGY U2,0,0,0,0,0
2021-02-09,00:00:00,38.809266240878074,ENERGÍA DEL CARIBE,84.29004513,ARIZONA,0,0,0,0,0
2021-02-09,01:00:00,38.809266240878074,ENERGÍA DEL CARIBE,84.29004513,ARIZONA,0,0,0,0,0
2021-02-09,02:00:00,38.809266240878074,ENERGÍA DEL CARIBE,84.29004513,ARIZONA,0,0,0,0,0
2021-02-09,03:00:00,38.809266240878074,ENERGÍA DEL CARIBE,84.29004513,ARIZONA,0,0,0,0,0
2021-02-09,04:00:00,38.809266240878074,ENERGÍA DEL CARIBE,84.29004513,ARIZONA,0,0,0,0,0
2021-02-09,05:00:00,38.809266240878074,ENERGÍA DEL CARIBE,84.29004513,ARIZONA,0,0,0,0,0
2021-02-09,06:00:00,39.39915584234129,CHIXOY,84.55789475,ARIZONA,0,0,0,0,0
2021-02-09,07:00:00,44.4732362331088,JAGUAR ENERGY U2,84.55789475,ARIZONA,0,0,0,0,0
2021-02-09,08:00:00,44.4732362331088,JAGUAR ENERGY U2,84.55789475,ARIZONA,0,0,0,0,0
2021-02-09,09:00:00,44.4732362331088,JAGUAR ENERGY U2,84.55789475,ARIZONA,0,0,0,0,0
2021-02-09,10:00:00,44.4732362331088,JAGUAR ENERGY U2,84.55789475,ARIZONA,0,0,0,0,0
2021-02-09,11:00:00,44.4732362331088,JAGUAR ENERGY U2,84.55789475,ARIZONA,0,0,0,0,0
2021-02-09,12:00:00,44.4732362331088,JAGUAR ENERGY U2,84.55789475,ARIZONA,0,0,0,0,0
2021-02-09,13:00:00,44.4732362331088,JAGUAR ENERGY U2,84.55789475,ARIZONA,0,0,0,0,0
2021-02-09,14:00:00,44.4732362331088,JAGUAR ENERGY U2,84.55789475,ARIZONA,0,0,0,0,0
2021-02-09,15:00:00,44.4732362331088,JAGUAR ENERGY U2,84.55789475,ARIZONA,0,0,0,0,0
2021-02-09,16:00:00,44.4732362331088,JAGUAR ENERGY U2,84.55789475,ARIZONA,0,0,0,0,0
2021-02-09,17:00:00,44.4732362331088,JAGUAR ENERGY U2,84.55789475,ARIZONA,0,0,0,0,0
2021-02-09,18:00:00,44.45503314957658,JAGUAR ENERGY U2,84.54331761,ARIZONA,0,0,0,0,0
2021-02-09,19:00:00,44.45503314957658,JAGUAR ENERGY U2,84.54331761,ARIZONA,0,0,0,0,0
2021-02-09,20:00:00,44.45503314957658,JAGUAR ENERGY U1,84.54331761,ARIZONA,0,0,0,0,0
2021-02-09,21:00:00,39.395641362486366,CHIXOY,84.54331761,ARIZONA,0,0,0,0,0
2021-02-09,22:00:00,38.809266240878074,ENERGÍA DEL CARIBE,84.29004513,ARIZONA,0,0,0,0,0
2021-02-09,23:00:00,38.809266240878074,ENERGÍA DEL CARIBE,84.29004513,ARIZONA,0,0,0,0,0
2021-02-10,00:00:00,44.45322351271941,JAGUAR ENERGY U1,44.4532235127194,JAGUAR ENERGY U2,0,0,0,0,0
2021-02-10,01:00:00,44.45322351271941,JAGUAR ENERGY U2,85.19514833,ARIZONA,0,0,0,0,0
2021-02-10,02:00:00,44.45322351271941,JAGUAR ENERGY U2,85.19514833,ARIZONA,0,0,0,0,0
2021-02-10,03:00:00,44.45322351271941,JAGUAR ENERGY U2,85.19514833,ARIZONA,0,0,0,0,0
2021-02-10,04:00:00,44.45322351271941,JAGUAR ENERGY U2,85.19514833,ARIZONA,0,0,0,0,0
2021-02-10,05:00:00,44.45322351271941,JAGUAR ENERGY U2,44.4532235127194,JAGUAR ENERGY U2,0,0,0,0,0
2021-02-10,06:00:00,44.45915324253426,JAGUAR ENERGY U2,44.4591532425342,JAGUAR ENERGY U2,0,0,0,0,0
2021-02-10,07:00:00,44.45915324253426,JAGUAR ENERGY U2,44.4591532425342,JAGUAR ENERGY U2,0,0,0,0,0
2021-02-10,08:00:00,44.45915324253426,JAGUAR ENERGY U2,44.4591532425342,JAGUAR ENERGY U2,0,0,0,0,0
2021-02-10,09:00:00,44.45915324253426,JAGUAR ENERGY U2,44.4591532425342,JAGUAR ENERGY U2,0,0,0,0,0
2021-02-10,10:00:00,44.45915324253426,JAGUAR ENERGY U2,44.4591532425342,JAGUAR ENERGY U2,0,0,0,0,0
2021-02-10,11:00:00,44.45915324253426,JAGUAR ENERGY U2,44.4591532425342,JAGUAR ENERGY U2,0,0,0,0,0
2021-02-10,12:00:00,44.45915324253426,JAGUAR ENERGY U2,44.4591532425342,JAGUAR ENERGY U2,0,0,0,0,0
2021-02-10,13:00:00,44.45915324253426,JAGUAR ENERGY U2,44.4591532425342,JAGUAR ENERGY U2,0,0,0,0,0
2021-02-10,14:00:00,44.45915324253426,JAGUAR ENERGY U2,44.4591532425342,JAGUAR ENERGY U2,0,0,0,0,0
2021-02-10,15:00:00,44.45915324253426,JAGUAR ENERGY U2,44.4591532425342,JAGUAR ENERGY U2,0,0,0,0,0
2021-02-10,16:00:00,44.45915324253426,JAGUAR ENERGY U2,44.4591532425342,JAGUAR ENERGY U2,0,0,0,0,0
2021-02-10,17:00:00,44.45915324253426,JAGUAR ENERGY U2,44.4591532425342,JAGUAR ENERGY U2,0,0,0,0,0
2021-02-10,18:00:00,44.49261581935156,JAGUAR ENERGY U2,44.4926158193515,JAGUAR ENERGY U2,0,0,0,0,0
2021-02-10,19:00:00,44.49261581935156,JAGUAR ENERGY U1,44.4926158193515,JAGUAR ENERGY U2,0,0,0,0,0
2021-02-10,20:00:00,44.49261581935156,JAGUAR ENERGY U2,44.4926158193515,JAGUAR ENERGY U2,0,0,0,0,0
2021-02-10,21:00:00,44.49261581935156,JAGUAR ENERGY U2,85.42362352,ARIZONA,0,0,0,0,0
2021-02-10,22:00:00,44.45322351271941,JAGUAR ENERGY U2,44.4532235127194,JAGUAR ENERGY U2,0,0,0,0,0
2021-02-10,23:00:00,44.45322351271941,JAGUAR ENERGY U1,44.4532235127194,JAGUAR ENERGY U2,0,0,0,0,0
2021-02-11,00:00:00,44.35674947169561,JAGUAR ENERGY U2,44.3567494716956,JAGUAR ENERGY U2,0,0,0,0,0
2021-02-11,01:00:00,44.35674947169561,JAGUAR ENERGY U2,44.3567494716956,JAGUAR ENERGY U2,0,0,0,0,0
2021-02-11,02:00:00,44.35674947169561,JAGUAR ENERGY U2,44.3567494716956,JAGUAR ENERGY U2,0,0,0,0,0
2021-02-11,03:00:00,44.35674947169561,JAGUAR ENERGY U2,44.3567494716956,JAGUAR ENERGY U2,0,0,0,0,0
2021-02-11,04:00:00,44.35674947169561,JAGUAR ENERGY U2,44.3567494716956,JAGUAR ENERGY U2,0,0,0,0,0
2021-02-11,05:00:00,44.35674947169561,JAGUAR ENERGY U2,44.3567494716956,JAGUAR ENERGY U2,0,0,0,0,0
2021-02-11,06:00:00,44.53757134727368,JAGUAR ENERGY U2,85.47622507,ARIZONA,0,0,0,0,0
2021-02-11,07:00:00,44.53757134727368,JAGUAR ENERGY U2,85.47622507,ARIZONA,0,0,0,0,0
2021-02-11,08:00:00,44.53757134727368,JAGUAR ENERGY U2,85.47622507,ARIZONA,0,0,0,0,0
2021-02-11,09:00:00,44.53757134727368,JAGUAR ENERGY U2,44.5375713472736,JAGUAR ENERGY U2,0,0,0,0,0
2021-02-11,10:00:00,44.53757134727368,JAGUAR ENERGY U2,85.47622507,ARIZONA,0,0,0,0,0
2021-02-11,11:00:00,44.53757134727368,JAGUAR ENERGY U2,85.47622507,ARIZONA,0,0,0,0,0
2021-02-11,12:00:00,44.53757134727368,JAGUAR ENERGY U2,85.47622507,ARIZONA,0,0,0,0,0
2021-02-11,13:00:00,44.53757134727368,JAGUAR ENERGY U2,85.47622507,ARIZONA,0,0,0,0,0
2021-02-11,14:00:00,44.53757134727368,JAGUAR ENERGY U1,85.47622507,ARIZONA,0,0,0,0,0
2021-02-11,15:00:00,44.53757134727368,JAGUAR ENERGY U2,85.47622507,ARIZONA,0,0,0,0,0
2021-02-11,16:00:00,44.53757134727368,JAGUAR ENERGY U1,85.47622507,ARIZONA,0,0,0,0,0
2021-02-11,17:00:00,44.53757134727368,JAGUAR ENERGY U1,44.5375713472736,JAGUAR ENERGY U2,0,0,0,0,0
2021-02-11,18:00:00,44.49944446703131,JAGUAR ENERGY U2,85.42044494,ARIZONA,0,0,0,0,0
2021-02-11,19:00:00,44.49944446703131,JAGUAR ENERGY U2,44.4994444670312,JAGUAR ENERGY U2,0,0,0,0,0
2021-02-11,20:00:00,44.49944446703131,JAGUAR ENERGY U2,44.4994444670312,JAGUAR ENERGY U2,0,0,0,0,0
2021-02-11,21:00:00,44.49944446703131,JAGUAR ENERGY U2,44.4994444670312,JAGUAR ENERGY U2,0,0,0,0,0
2021-02-11,22:00:00,44.35674947169561,JAGUAR ENERGY U1,44.3567494716956,JAGUAR ENERGY U2,0,0,0,0,0
2021-02-11,23:00:00,44.35674947169561,JAGUAR ENERGY U1,44.3567494716956,JAGUAR ENERGY U2,0,0,0,0,0
2021-02-12,00:00:00,44.374434753533635,JAGUAR ENERGY U1,44.3744347535336,JAGUAR ENERGY U2,0,0,0,0,0
2021-02-12,01:00:00,44.374434753533635,JAGUAR ENERGY U2,44.3744347535336,JAGUAR ENERGY U2,0,0,0,0,0
2021-02-12,02:00:00,44.374434753533635,JAGUAR ENERGY U2,44.3744347535336,JAGUAR ENERGY U2,0,0,0,0,0
2021-02-12,03:00:00,44.374434753533635,JAGUAR ENERGY U2,44.3744347535336,JAGUAR ENERGY U2,0,0,0,0,0
2021-02-12,04:00:00,44.374434753533635,JAGUAR ENERGY U2,44.3744347535336,JAGUAR ENERGY U2,0,0,0,0,0
2021-02-12,05:00:00,44.374434753533635,JAGUAR ENERGY U2,44.3744347535336,JAGUAR ENERGY U2,0,0,0,0,0
2021-02-12,06:00:00,44.51119614243528,JAGUAR ENERGY U2,44.5111961424352,JAGUAR ENERGY U2,0,0,0,0,0
2021-02-12,07:00:00,44.51119614243528,JAGUAR ENERGY U2,44.5111961424352,JAGUAR ENERGY U2,0,0,0,0,0
2021-02-12,08:00:00,44.51119614243528,JAGUAR ENERGY U2,85.44296268,ARIZONA,0,0,0,0,0
2021-02-12,09:00:00,44.51119614243528,JAGUAR ENERGY U2,85.44296268,ARIZONA,0,0,0,0,0
2021-02-12,10:00:00,44.51119614243528,JAGUAR ENERGY U2,85.44296268,ARIZONA,0,0,0,0,0
2021-02-12,11:00:00,44.51119614243528,JAGUAR ENERGY U2,85.44296268,ARIZONA,0,0,0,0,0
2021-02-12,12:00:00,44.51119614243528,JAGUAR ENERGY U2,44.5111961424352,JAGUAR ENERGY U2,0,0,0,0,0
2021-02-12,13:00:00,44.51119614243528,JAGUAR ENERGY U2,85.44296268,ARIZONA,0,0,0,0,0
2021-02-12,14:00:00,44.51119614243528,JAGUAR ENERGY U2,85.44296268,ARIZONA,0,0,0,0,0
2021-02-12,15:00:00,44.51119614243528,JAGUAR ENERGY U2,85.44296268,ARIZONA,0,0,0,0,0
2021-02-12,16:00:00,44.51119614243528,JAGUAR ENERGY U2,85.44296268,ARIZONA,0,0,0,0,0
2021-02-12,17:00:00,44.51119614243528,JAGUAR ENERGY U1,44.5111961424352,JAGUAR ENERGY U2,0,0,0,0,0
2021-02-12,18:00:00,44.50325488187232,JAGUAR ENERGY U2,85.36153688,ARIZONA,0,0,0,0,0
2021-02-12,19:00:00,44.50325488187232,JAGUAR ENERGY U2,85.36153688,ARIZONA,0,0,0,0,0
2021-02-12,20:00:00,44.50325488187232,JAGUAR ENERGY U1,85.36153688,ARIZONA,0,0,0,0,0
2021-02-12,21:00:00,44.50325488187232,JAGUAR ENERGY U1,85.36153688,ARIZONA,0,0,0,0,0
2021-02-12,22:00:00,44.374434753533635,JAGUAR ENERGY U1,84.85001228,ARIZONA,0,0,0,0,0
2021-02-12,23:00:00,44.374434753533635,JAGUAR ENERGY U1,84.85001228,ARIZONA,0,0,0,0,0
2021-02-13,00:00:00,85.4820233682366,ARIZONA,90.93276746,"TÉRMICA, 2",0,0,0,0,0
2021-02-13,01:00:00,85.4820233682366,ARIZONA,90.93276746,"TÉRMICA, 2",0,0,0,0,0
2021-02-13,02:00:00,85.4820233682366,ARIZONA,90.93276746,"TÉRMICA, 2",0,0,0,0,0
2021-02-13,03:00:00,85.4820233682366,ARIZONA,85.48202337,ARIZONA,0,0,0,0,0
2021-02-13,04:00:00,85.4820233682366,ARIZONA,85.48202337,ARIZONA,0,0,0,0,0
2021-02-13,05:00:00,85.4820233682366,ARIZONA,85.48202337,ARIZONA,0,0,0,0,0
2021-02-13,06:00:00,85.39701444124043,ARIZONA,85.39701444,ARIZONA,0,0,0,0,0
2021-02-13,07:00:00,85.39701444124043,ARIZONA,85.39701444,ARIZONA,0,0,0,0,0
2021-02-13,08:00:00,85.39701444124043,ARIZONA,85.39701444,ARIZONA,0,0,0,0,0
2021-02-13,09:00:00,85.39701444124043,ARIZONA,85.39701444,ARIZONA,0,0,0,0,0
2021-02-13,10:00:00,85.39701444124043,ARIZONA,85.39701444,ARIZONA,0,0,0,0,0
2021-02-13,11:00:00,85.39701444124043,ARIZONA,85.39701444,ARIZONA,0,0,0,0,0
2021-02-13,12:00:00,85.39701444124043,ARIZONA,85.39701444,ARIZONA,0,0,0,0,0
2021-02-13,13:00:00,85.39701444124043,ARIZONA,49.2433654271078,GENERADORA COSTA SUR,0,0,0,0,0
2021-02-13,14:00:00,85.39701444124043,ARIZONA,49.2433654271078,GENERADORA COSTA SUR,0,0,0,0,0
2021-02-13,15:00:00,85.39701444124043,ARIZONA,85.39701444,ARIZONA,0,0,0,0,0
2021-02-13,16:00:00,85.39701444124043,ARIZONA,85.39701444,ARIZONA,0,0,0,0,0
2021-02-13,17:00:00,85.39701444124043,ARIZONA,90.07453219,"TÉRMICA, 2",0,0,0,0,0
2021-02-13,18:00:00,85.42753597172042,ARIZONA,90.07027594,TEXTILES DEL LAGO 2,0,0,0,0,0
2021-02-13,19:00:00,85.42753597172042,ARIZONA,90.07027594,TEXTILES DEL LAGO 2,0,0,0,0,0
2021-02-13,20:00:00,85.42753597172042,ARIZONA,90.07027594,TEXTILES DEL LAGO 2,0,0,0,0,0
2021-02-13,21:00:00,44.50306053743445,JAGUAR ENERGY U2,90.07027594,TEXTILES DEL LAGO 2,0,0,0,0,0
2021-02-13,22:00:00,44.40207521328344,JAGUAR ENERGY U2,90.93276746,"TÉRMICA, 2",0,0,0,0,0
2021-02-13,23:00:00,44.40207521328344,JAGUAR ENERGY U1,44.4020752132834,JAGUAR ENERGY U2,0,0,0,0,0
2021-02-14,00:00:00,45.357434546094915,JAGUAR ENERGY U1,45.3574345460949,JAGUAR ENERGY U2,0,0,0,0,0
2021-02-14,01:00:00,45.357434546094915,JAGUAR ENERGY U1,45.3574345460949,JAGUAR ENERGY U2,0,0,0,0,0
2021-02-14,02:00:00,45.357434546094915,JAGUAR ENERGY U1,45.3574345460949,JAGUAR ENERGY U2,0,0,0,0,0
2021-02-14,03:00:00,45.357434546094915,JAGUAR ENERGY U1,45.3574345460949,JAGUAR ENERGY U2,0,0,0,0,0
2021-02-14,04:00:00,45.357434546094915,JAGUAR ENERGY U1,45.3574345460949,JAGUAR ENERGY U2,0,0,0,0,0
2021-02-14,05:00:00,45.357434546094915,JAGUAR ENERGY U1,45.3574345460949,JAGUAR ENERGY U2,0,0,0,0,0
2021-02-14,06:00:00,45.267922705993335,JAGUAR ENERGY U1,45.2679227059933,JAGUAR ENERGY U2,0,0,0,0,0
2021-02-14,07:00:00,45.267922705993335,JAGUAR ENERGY U2,45.2679227059933,JAGUAR ENERGY U2,0,0,0,0,0
2021-02-14,08:00:00,45.267922705993335,JAGUAR ENERGY U2,45.2679227059933,JAGUAR ENERGY U2,0,0,0,0,0
2021-02-14,09:00:00,45.267922705993335,JAGUAR ENERGY U2,48.42003752,LA LIBERTAD,0,0,0,0,0
2021-02-14,10:00:00,45.267922705993335,JAGUAR ENERGY U2,45.2679227059933,JAGUAR ENERGY U2,0,0,0,0,0
2021-02-14,11:00:00,45.267922705993335,JAGUAR ENERGY U2,45.2679227059933,JAGUAR ENERGY U2,0,0,0,0,0
2021-02-14,12:00:00,45.267922705993335,JAGUAR ENERGY U2,45.2679227059933,JAGUAR ENERGY U2,0,0,0,0,0
2021-02-14,13:00:00,45.267922705993335,JAGUAR ENERGY U2,45.2679227059933,JAGUAR ENERGY U2,0,0,0,0,0
2021-02-14,14:00:00,45.267922705993335,JAGUAR ENERGY U2,48.42003752,LA LIBERTAD,0,0,0,0,0
2021-02-14,15:00:00,45.267922705993335,JAGUAR ENERGY U2,49.5375088385255,GENERADORA COSTA SUR,0,0,0,0,0
2021-02-14,16:00:00,45.267922705993335,JAGUAR ENERGY U2,45.2679227059933,JAGUAR ENERGY U2,0,0,0,0,0
2021-02-14,17:00:00,45.267922705993335,JAGUAR ENERGY U2,45.2679227059933,JAGUAR ENERGY U2,0,0,0,0,0
2021-02-14,18:00:00,45.28413458311223,JAGUAR ENERGY U1,70.28218675,CHIXOY,0,0,0,0,0
2021-02-14,19:00:00,45.28413458311223,JAGUAR ENERGY U1,70.28218675,CHIXOY,0,0,0,0,0
2021-02-14,20:00:00,45.28413458311223,JAGUAR ENERGY U1,70.28218675,CHIXOY,0,0,0,0,0
2021-02-14,21:00:00,45.28413458311223,JAGUAR ENERGY U1,47.35199036,LA LIBERTAD,0,0,0,0,0
2021-02-14,22:00:00,45.357434546094915,JAGUAR ENERGY U1,45.3574345460949,JAGUAR ENERGY U2,0,0,0,0,0
2021-02-14,23:00:00,17.063906372508082,TRINIDAD BLOQUE 4,45.3574345460949,JAGUAR ENERGY U2,0,0,0,0,0
2021-02-15,00:00:00,45.25574998508932,JAGUAR ENERGY U2,45.2557499850893,JAGUAR ENERGY U2,0,0,0,0,0
2021-02-15,01:00:00,45.25574998508932,JAGUAR ENERGY U2,45.2557499850893,JAGUAR ENERGY U2,0,0,0,0,0
2021-02-15,02:00:00,45.25574998508932,JAGUAR ENERGY U2,45.2557499850893,JAGUAR ENERGY U2,0,0,0,0,0
2021-02-15,03:00:00,45.25574998508932,JAGUAR ENERGY U2,45.2557499850893,JAGUAR ENERGY U2,0,0,0,0,0
2021-02-15,04:00:00,48.853428639946074,GENERADORA COSTA SUR,45.2557499850893,JAGUAR ENERGY U2,0,0,0,0,0
2021-02-15,05:00:00,70.02577935901405,CHIXOY,68.532458604142,SAN ISIDRO,0,0,0,0,0
2021-02-15,06:00:00,70.74396016513445,CHIXOY,70.74396017,CHIXOY,0,0,0,0,0
2021-02-15,07:00:00,70.74396016513445,CHIXOY,70.74396017,CHIXOY,0,0,0,0,0
2021-02-15,08:00:00,70.74396016513445,CHIXOY,70.74396017,CHIXOY,0,0,0,0,0
2021-02-15,09:00:00,70.74396016513445,CHIXOY,70.74396017,CHIXOY,0,0,0,0,0
2021-02-15,10:00:00,70.74396016513445,CHIXOY,70.74396017,CHIXOY,0,0,0,0,0
2021-02-15,11:00:00,70.74396016513445,CHIXOY,70.74396017,CHIXOY,0,0,0,0,0
2021-02-15,12:00:00,70.74396016513445,CHIXOY,70.74396017,CHIXOY,0,0,0,0,0
2021-02-15,13:00:00,70.74396016513445,CHIXOY,70.74396017,CHIXOY,0,0,0,0,0
2021-02-15,14:00:00,70.74396016513445,CHIXOY,70.74396017,CHIXOY,0,0,0,0,0
2021-02-15,15:00:00,70.74396016513445,CHIXOY,70.74396017,CHIXOY,0,0,0,0,0
2021-02-15,16:00:00,70.74396016513445,CHIXOY,70.74396017,CHIXOY,0,0,0,0,0
2021-02-15,17:00:00,85.19117087648809,ARIZONA,70.74396017,CHIXOY,0,0,0,0,0
2021-02-15,18:00:00,70.70107197823235,CHIXOY,85.22224391,ARIZONA,0,0,0,0,0
2021-02-15,19:00:00,70.70107197823235,CHIXOY,85.22224391,ARIZONA,0,0,0,0,0
2021-02-15,20:00:00,70.70107197823235,CHIXOY,85.22224391,ARIZONA,0,0,0,0,0
2021-02-15,21:00:00,70.70107197823235,CHIXOY,70.70107198,CHIXOY,0,0,0,0,0
2021-02-15,22:00:00,45.25574998508932,JAGUAR ENERGY U2,48.63106618,LA LIBERTAD,0,0,0,0,0
2021-02-15,23:00:00,45.25574998508932,JAGUAR ENERGY U1,48.853428639946,GENERADORA COSTA SUR,0,0,0,0,0
2021-02-16,00:00:00,45.25079670270048,JAGUAR ENERGY U1,68.2678001625402,SAN ISIDRO,0,0,0,0,0
2021-02-16,01:00:00,45.25079670270048,JAGUAR ENERGY U1,48.8673149004582,GENERADORA COSTA SUR,0,0,0,0,0
2021-02-16,02:00:00,45.25079670270048,JAGUAR ENERGY U1,48.18205078,LA LIBERTAD,0,0,0,0,0
2021-02-16,03:00:00,45.25079670270048,JAGUAR ENERGY U1,48.8673149004582,GENERADORA COSTA SUR,0,0,0,0,0
2021-02-16,04:00:00,45.25079670270048,JAGUAR ENERGY U2,68.2678001625402,SAN ISIDRO,0,0,0,0,0
2021-02-16,05:00:00,45.25079670270048,JAGUAR ENERGY U2,70.20920676,CHIXOY,0,0,0,0,0
2021-02-16,06:00:00,70.32515957152816,CHIXOY,70.32515957,CHIXOY,0,0,0,0,0
2021-02-16,07:00:00,70.32515957152816,CHIXOY,70.32515957,CHIXOY,0,0,0,0,0
2021-02-16,08:00:00,70.32515957152816,CHIXOY,70.32515957,CHIXOY,0,0,0,0,0
2021-02-16,09:00:00,70.32515957152816,CHIXOY,70.32515957,CHIXOY,0,0,0,0,0
2021-02-16,10:00:00,70.32515957152816,CHIXOY,70.32515957,CHIXOY,0,0,0,0,0
2021-02-16,11:00:00,70.32515957152816,CHIXOY,70.32515957,CHIXOY,0,0,0,0,0
2021-02-16,12:00:00,70.32515957152816,CHIXOY,70.32515957,CHIXOY,0,0,0,0,0
2021-02-16,13:00:00,70.32515957152816,CHIXOY,70.32515957,CHIXOY,0,0,0,0,0
2021-02-16,14:00:00,70.32515957152816,CHIXOY,70.32515957,CHIXOY,0,0,0,0,0
2021-02-16,15:00:00,70.32515957152816,CHIXOY,70.32515957,CHIXOY,0,0,0,0,0
2021-02-16,16:00:00,70.32515957152816,CHIXOY,70.32515957,CHIXOY,0,0,0,0,0
2021-02-16,17:00:00,70.32515957152816,CHIXOY,70.32515957,CHIXOY,0,0,0,0,0
2021-02-16,18:00:00,70.36371277657112,CHIXOY,85.27842551,ARIZONA,0,0,0,0,0
2021-02-16,19:00:00,70.36371277657112,CHIXOY,85.27842551,ARIZONA,0,0,0,0,0
2021-02-16,20:00:00,70.36371277657112,CHIXOY,85.27842551,ARIZONA,0,0,0,0,0
2021-02-16,21:00:00,70.36371277657112,CHIXOY,70.36371278,CHIXOY,0,0,0,0,0
2021-02-16,22:00:00,45.25079670270048,JAGUAR ENERGY U2,45.2507967027004,JAGUAR ENERGY U2,0,0,0,0,0
2021-02-16,23:00:00,16.088854371330697,SANTA MARIA,45.2507967027004,JAGUAR ENERGY U2,0,0,0,0,0
2021-02-17,00:00:00,47.96018476161997,LA LIBERTAD,70.29820633,CHIXOY,0,0,0,0,0
2021-02-17,01:00:00,45.241317255361544,JAGUAR ENERGY U2,68.5668404458836,SAN ISIDRO,0,0,0,0,0
2021-02-17,02:00:00,45.241317255361544,JAGUAR ENERGY U2,68.5668404458836,SAN ISIDRO,0,0,0,0,0
2021-02-17,03:00:00,45.241317255361544,JAGUAR ENERGY U2,68.5668404458836,SAN ISIDRO,0,0,0,0,0
2021-02-17,04:00:00,70.29820632644879,CHIXOY,70.29820633,CHIXOY,0,0,0,0,0
2021-02-17,05:00:00,85.24822480007965,ARIZONA,70.29820633,CHIXOY,0,0,0,0,0
2021-02-17,06:00:00,70.7401052683307,CHIXOY,70.74010527,CHIXOY,0,0,0,0,0
2021-02-17,07:00:00,70.7401052683307,CHIXOY,70.74010527,CHIXOY,0,0,0,0,0
2021-02-17,08:00:00,70.7401052683307,CHIXOY,70.74010527,CHIXOY,0,0,0,0,0
2021-02-17,09:00:00,70.7401052683307,CHIXOY,70.74010527,CHIXOY,0,0,0,0,0
2021-02-17,10:00:00,70.7401052683307,CHIXOY,70.74010527,CHIXOY,0,0,0,0,0
2021-02-17,11:00:00,70.7401052683307,CHIXOY,70.74010527,CHIXOY,0,0,0,0,0
2021-02-17,12:00:00,70.7401052683307,CHIXOY,70.74010527,CHIXOY,0,0,0,0,0
2021-02-17,13:00:00,70.7401052683307,CHIXOY,70.74010527,CHIXOY,0,0,0,0,0
2021-02-17,14:00:00,70.7401052683307,CHIXOY,70.74010527,CHIXOY,0,0,0,0,0
2021-02-17,15:00:00,70.7401052683307,CHIXOY,85.1755502,ARIZONA,0,0,0,0,0
2021-02-17,16:00:00,70.7401052683307,CHIXOY,70.74010527,CHIXOY,0,0,0,0,0
2021-02-17,17:00:00,85.17555020119515,ARIZONA,70.74010527,CHIXOY,0,0,0,0,0
2021-02-17,18:00:00,70.65079220132954,CHIXOY,85.20577816,ARIZONA,0,0,0,0,0
2021-02-17,19:00:00,70.65079220132954,CHIXOY,85.20577816,ARIZONA,0,0,0,0,0
2021-02-17,20:00:00,70.65079220132954,CHIXOY,85.20577816,ARIZONA,0,0,0,0,0
2021-02-17,21:00:00,70.65079220132954,CHIXOY,92.34267485,TEXTILES DEL LAGO 3,0,0,0,0,0
2021-02-17,22:00:00,45.241317255361544,JAGUAR ENERGY U2,85.2482248,ARIZONA,0,0,0,0,0
2021-02-17,23:00:00,17.343731594516296,SANTA TERESA,70.29820633,CHIXOY,0,0,0,0,0
2021-02-18,00:00:00,68.41369947894881,SAN ISIDRO,68.4136994789488,SAN ISIDRO,0,0,0,0,0
2021-02-18,01:00:00,68.41369947894881,SAN ISIDRO,68.4136994789488,SAN ISIDRO,0,0,0,0,0
2021-02-18,02:00:00,68.41369947894881,SAN ISIDRO,68.4136994789488,SAN ISIDRO,0,0,0,0,0
2021-02-18,03:00:00,68.41369947894881,SAN ISIDRO,68.4136994789488,SAN ISIDRO,0,0,0,0,0
2021-02-18,04:00:00,70.28081933574838,CHIXOY,70.28081934,CHIXOY,0,0,0,0,0
2021-02-18,05:00:00,70.28081933574838,CHIXOY,89.99342091,"TÉRMICA, 2",0,0,0,0,0
2021-02-18,06:00:00,70.76337562364138,CHIXOY,91.15121302,"TÉRMICA, 2",0,0,0,0,0
2021-02-18,07:00:00,70.76337562364138,CHIXOY,70.76337562,CHIXOY,0,0,0,0,0
2021-02-18,08:00:00,70.76337562364138,CHIXOY,70.76337562,CHIXOY,0,0,0,0,0
2021-02-18,09:00:00,70.76337562364138,CHIXOY,70.76337562,CHIXOY,0,0,0,0,0
2021-02-18,10:00:00,70.76337562364138,CHIXOY,70.76337562,CHIXOY,0,0,0,0,0
2021-02-18,11:00:00,70.76337562364138,CHIXOY,70.76337562,CHIXOY,0,0,0,0,0
2021-02-18,12:00:00,70.76337562364138,CHIXOY,70.76337562,CHIXOY,0,0,0,0,0
2021-02-18,13:00:00,70.76337562364138,CHIXOY,85.21403483,ARIZONA,0,0,0,0,0
2021-02-18,14:00:00,70.76337562364138,CHIXOY,70.76337562,CHIXOY,0,0,0,0,0
2021-02-18,15:00:00,70.76337562364138,CHIXOY,70.76337562,CHIXOY,0,0,0,0,0
2021-02-18,16:00:00,70.76337562364138,CHIXOY,70.76337562,CHIXOY,0,0,0,0,0
2021-02-18,17:00:00,70.76337562364138,CHIXOY,70.76337562,CHIXOY,0,0,0,0,0
2021-02-18,18:00:00,70.63910431462098,CHIXOY,90.33804549,"TÉRMICA, 2",0,0,0,0,0
2021-02-18,19:00:00,85.19060090131293,ARIZONA,90.33804549,"TÉRMICA, 2",0,0,0,0,0
2021-02-18,20:00:00,85.19060090131293,ARIZONA,90.33804549,"TÉRMICA, 2",0,0,0,0,0
2021-02-18,21:00:00,70.63910431462098,CHIXOY,70.63910431,CHIXOY,0,0,0,0,0
2021-02-18,22:00:00,68.41369947894881,SAN ISIDRO,68.4136994789488,SAN ISIDRO,0,0,0,0,0
2021-02-18,23:00:00,45.24158500982546,JAGUAR ENERGY U1,70.28081934,CHIXOY,0,0,0,0,0
2021-02-19,00:00:00,48.98698494326658,GENERADORA COSTA SUR,68.1314841742119,SAN ISIDRO,0,0,0,0,0
2021-02-19,01:00:00,48.62850703717905,LA LIBERTAD,48.9869849432665,GENERADORA COSTA SUR,0,0,0,0,0
2021-02-19,02:00:00,45.22431147546305,JAGUAR ENERGY U2,68.1314841742119,SAN ISIDRO,0,0,0,0,0
2021-02-19,03:00:00,45.22431147546305,JAGUAR ENERGY U2,68.1314841742119,SAN ISIDRO,0,0,0,0,0
2021-02-19,04:00:00,70.18505836751692,CHIXOY,68.1314841742119,SAN ISIDRO,0,0,0,0,0
2021-02-19,05:00:00,70.18505836751692,CHIXOY,70.18505837,CHIXOY,0,0,0,0,0
2021-02-19,06:00:00,70.67550501927494,CHIXOY,70.67550502,CHIXOY,0,0,0,0,0
2021-02-19,07:00:00,70.67550501927494,CHIXOY,70.67550502,CHIXOY,0,0,0,0,0
2021-02-19,08:00:00,70.67550501927494,CHIXOY,70.67550502,CHIXOY,0,0,0,0,0
2021-02-19,09:00:00,68.21410463088151,SAN ISIDRO,85.1912258,ARIZONA,0,0,0,0,0
2021-02-19,10:00:00,68.21410463088151,SAN ISIDRO,70.67550502,CHIXOY,0,0,0,0,0
2021-02-19,11:00:00,68.21410463088151,SAN ISIDRO,70.67550502,CHIXOY,0,0,0,0,0
2021-02-19,12:00:00,68.21410463088151,SAN ISIDRO,70.67550502,CHIXOY,0,0,0,0,0
2021-02-19,13:00:00,70.67550501927494,CHIXOY,70.67550502,CHIXOY,0,0,0,0,0
2021-02-19,14:00:00,70.67550501927494,CHIXOY,70.67550502,CHIXOY,0,0,0,0,0
2021-02-19,15:00:00,68.21410463088151,SAN ISIDRO,70.67550502,CHIXOY,0,0,0,0,0
2021-02-19,16:00:00,70.67550501927494,CHIXOY,70.67550502,CHIXOY,0,0,0,0,0
2021-02-19,17:00:00,70.67550501927494,CHIXOY,45.2230851722789,JAGUAR ENERGY U2,0,0,0,0,0
2021-02-19,18:00:00,70.29228223294149,CHIXOY,68.0417133829465,SAN ISIDRO,0,0,0,0,0
2021-02-19,19:00:00,70.29228223294149,CHIXOY,45.2387807744283,JAGUAR ENERGY U2,0,0,0,0,0
2021-02-19,20:00:00,70.29228223294149,CHIXOY,45.2387807744283,JAGUAR ENERGY U2,0,0,0,0,0
2021-02-19,21:00:00,45.238780774428385,JAGUAR ENERGY U1,45.2387807744283,JAGUAR ENERGY U2,0,0,0,0,0
2021-02-19,22:00:00,45.22431147546305,JAGUAR ENERGY U1,45.224311475463,JAGUAR ENERGY U2,0,0,0,0,0
2021-02-19,23:00:00,12.13101371763783,CANDELARIA,45.224311475463,JAGUAR ENERGY U1,0,0,0,0,0
2021-02-20,00:00:00,17.136560566356586,SANTA TERESA,45.2271133210056,JAGUAR ENERGY U1,0,0,0,0,0
2021-02-20,01:00:00,17.01235257492263,TRINIDAD BLOQUE 4,11.46295312,RENACE,0,0,0,0,0
2021-02-20,02:00:00,17.01235257492263,TRINIDAD BLOQUE 4,11.46295312,RENACE,0,0,0,0,0
2021-02-20,03:00:00,45.22711332100563,JAGUAR ENERGY U1,11.46295312,RENACE,0,0,0,0,0
2021-02-20,04:00:00,45.22711332100563,JAGUAR ENERGY U1,11.46295312,RENACE,0,0,0,0,0
2021-02-20,05:00:00,45.22711332100563,JAGUAR ENERGY U1,11.1542577,RENACE III,0,0,0,0,0
2021-02-20,06:00:00,45.27468753047386,JAGUAR ENERGY U1,12.0125693,HIDROXACBAL,0,0,0,0,0
2021-02-20,07:00:00,45.27468753047386,JAGUAR ENERGY U1,11.66230997,RENACE,0,0,0,0,0
2021-02-20,08:00:00,45.27468753047386,JAGUAR ENERGY U1,17.50532228,SANTA TERESA,0,0,0,0,0
2021-02-20,09:00:00,45.27468753047386,JAGUAR ENERGY U1,19.04950609,CHOLOMA,0,0,0,0,0
2021-02-20,10:00:00,45.27468753047386,JAGUAR ENERGY U1,19.04950609,CHOLOMA,0,0,0,0,0
2021-02-20,11:00:00,45.27468753047386,JAGUAR ENERGY U1,19.04950609,CHOLOMA,0,0,0,0,0
2021-02-20,12:00:00,45.27468753047386,JAGUAR ENERGY U1,21.16323367,LOS ESCLAVOS,0,0,0,0,0
2021-02-20,13:00:00,45.27468753047386,JAGUAR ENERGY U1,19.04950609,CHOLOMA,0,0,0,0,0
2021-02-20,14:00:00,45.27468753047386,JAGUAR ENERGY U1,21.16323367,LOS ESCLAVOS,0,0,0,0,0
2021-02-20,15:00:00,45.27468753047386,JAGUAR ENERGY U1,17.94308892,SANTA ANA,0,0,0,0,0
2021-02-20,16:00:00,45.27468753047386,JAGUAR ENERGY U1,17.50532228,SANTA TERESA,0,0,0,0,0
2021-02-20,17:00:00,17.00142789305431,TRINIDAD BLOQUE 4,17.94308892,SANTA ANA,0,0,0,0,0
2021-02-20,18:00:00,45.300090725159166,JAGUAR ENERGY U1,45.3000907251591,JAGUAR ENERGY U2,0,0,0,0,0
2021-02-20,19:00:00,45.300090725159166,JAGUAR ENERGY U1,45.3000907251591,JAGUAR ENERGY U2,0,0,0,0,0
2021-02-20,20:00:00,45.300090725159166,JAGUAR ENERGY U1,20.17753382,LOS ESCLAVOS,0,0,0,0,0
2021-02-20,21:00:00,15.727902007357567,SANTA ANA BLOQUE 2,20.17753382,LOS ESCLAVOS,0,0,0,0,0
2021-02-20,22:00:00,13.284699877653367,AGUACAPA,15.71039925,SANTA ANA BLOQUE 2,0,0,0,0,0
2021-02-20,23:00:00,11.462953121192351,RENACE,15.71039925,SANTA ANA BLOQUE 2,0,0,0,0,0
2021-02-21,00:00:00,10.236695922541358,RENACE II ,12.14261835,PANTALEON BLOQUE 1,0,0,0,0,0
2021-02-21,01:00:00,10.236695922541358,RENACE II ,15.62613013,SANTA ANA BLOQUE 2,0,0,0,0,0
2021-02-21,02:00:00,10.236695922541358,RENACE II ,15.62613013,SANTA ANA BLOQUE 2,0,0,0,0,0
2021-02-21,03:00:00,10.236695922541358,RENACE II ,10.33790078,PASABIEN,0,0,0,0,0
2021-02-21,04:00:00,10.236695922541358,RENACE II ,11.32548962,RENACE III,0,0,0,0,0
2021-02-21,05:00:00,10.33790077762461,PASABIEN,11.75911972,EL RECREO 2,0,0,0,0,0
2021-02-21,06:00:00,11.055741632902237,RENACE IV,11.80636827,RENACE,0,0,0,0,0
2021-02-21,07:00:00,14.10628996752299,SECACAO,14.10628997,SECACAO,0,0,0,0,0
2021-02-21,08:00:00,14.10628996752299,SECACAO,14.10628997,SECACAO,0,0,0,0,0
2021-02-21,09:00:00,14.10628996752299,SECACAO,14.10628997,SECACAO,0,0,0,0,0
2021-02-21,10:00:00,14.359811611624254,PALIN II,20.96975948,LOS ESCLAVOS,0,0,0,0,0
2021-02-21,11:00:00,20.96975948451641,LOS ESCLAVOS,20.96975948,LOS ESCLAVOS,0,0,0,0,0
2021-02-21,12:00:00,20.96975948451641,LOS ESCLAVOS,20.96975948,LOS ESCLAVOS,0,0,0,0,0
2021-02-21,13:00:00,14.10628996752299,SECACAO,16.42389601,SANTA MARIA,0,0,0,0,0
2021-02-21,14:00:00,20.96975948451641,LOS ESCLAVOS,20.96975948,LOS ESCLAVOS,0,0,0,0,0
2021-02-21,15:00:00,20.96975948451641,LOS ESCLAVOS,20.96975948,LOS ESCLAVOS,0,0,0,0,0
2021-02-21,16:00:00,13.259710091947303,AGUACAPA,16.98142782,TRINIDAD BLOQUE 4,0,0,0,0,0
2021-02-21,17:00:00,11.806368266396483,RENACE,44.9283346553701,JAGUAR ENERGY U1,0,0,0,0,0
2021-02-21,18:00:00,13.274610582045499,AGUACAPA,44.978822501712,JAGUAR ENERGY U2,0,0,0,0,0
2021-02-21,19:00:00,13.274610582045499,AGUACAPA,44.978822501712,JAGUAR ENERGY U2,0,0,0,0,0
2021-02-21,20:00:00,13.274610582045499,AGUACAPA,44.978822501712,JAGUAR ENERGY U2,0,0,0,0,0
2021-02-21,21:00:00,11.236349510449319,RENACE III,44.978822501712,JAGUAR ENERGY U1,0,0,0,0,0
2021-02-21,22:00:00,11.325489624044266,RENACE III,44.4507166018889,JAGUAR ENERGY U2,0,0,0,0,0
2021-02-21,23:00:00,10.33790077762461,PASABIEN,44.4507166018889,JAGUAR ENERGY U2,0,0,0,0,0
2021-02-22,00:00:00,10.942068044744978,PANTALEON BLOQUE 3,44.7063725499029,JAGUAR ENERGY U2,0,0,0,0,0
2021-02-22,01:00:00,11.845657369254187,RENACE,44.7063725499029,JAGUAR ENERGY U2,0,0,0,0,0
2021-02-22,02:00:00,15.592932256863143,SANTA ANA BLOQUE 2,44.7063725499029,JAGUAR ENERGY U2,0,0,0,0,0
2021-02-22,03:00:00,14.431574110018397,PALIN II,44.7063725499029,JAGUAR ENERGY U2,0,0,0,0,0
2021-02-22,04:00:00,15.592932256863143,SANTA ANA BLOQUE 2,44.7063725499029,JAGUAR ENERGY U2,0,0,0,0,0
2021-02-22,05:00:00,15.592932256863143,SANTA ANA BLOQUE 2,44.7063725499029,JAGUAR ENERGY U2,0,0,0,0,0
2021-02-22,06:00:00,45.136290273637194,JAGUAR ENERGY U1,45.1362902736372,JAGUAR ENERGY U2,0,0,0,0,0
2021-02-22,07:00:00,45.136290273637194,JAGUAR ENERGY U1,69.1007846214233,SAN ISIDRO,0,0,0,0,0
2021-02-22,08:00:00,45.136290273637194,JAGUAR ENERGY U1,69.1007846214233,SAN ISIDRO,0,0,0,0,0
2021-02-22,09:00:00,45.136290273637194,JAGUAR ENERGY U1,87.95493027,CHIXOY,0,0,0,0,0
2021-02-22,10:00:00,45.136290273637194,JAGUAR ENERGY U1,87.95493027,CHIXOY,0,0,0,0,0
2021-02-22,11:00:00,45.136290273637194,JAGUAR ENERGY U1,87.95493027,CHIXOY,0,0,0,0,0
2021-02-22,12:00:00,45.136290273637194,JAGUAR ENERGY U1,87.95493027,CHIXOY,0,0,0,0,0
2021-02-22,13:00:00,45.136290273637194,JAGUAR ENERGY U1,87.95493027,CHIXOY,0,0,0,0,0
2021-02-22,14:00:00,45.136290273637194,JAGUAR ENERGY U1,87.95493027,CHIXOY,0,0,0,0,0
2021-02-22,15:00:00,45.136290273637194,JAGUAR ENERGY U1,87.95493027,CHIXOY,0,0,0,0,0
2021-02-22,16:00:00,45.136290273637194,JAGUAR ENERGY U1,87.95493027,CHIXOY,0,0,0,0,0
2021-02-22,17:00:00,45.136290273637194,JAGUAR ENERGY U1,87.95493027,CHIXOY,0,0,0,0,0
2021-02-22,18:00:00,87.1930363310755,CHIXOY,87.19303633,CHIXOY,0,0,0,0,0
2021-02-22,19:00:00,87.1930363310755,CHIXOY,87.19303633,CHIXOY,0,0,0,0,0
2021-02-22,20:00:00,87.1930363310755,CHIXOY,87.19303633,CHIXOY,0,0,0,0,0
2021-02-22,21:00:00,45.10375218950131,JAGUAR ENERGY U1,87.19303633,CHIXOY,0,0,0,0,0
2021-02-22,22:00:00,44.706372549902945,JAGUAR ENERGY U1,63.9915369627295,SAN ISIDRO,0,0,0,0,0
2021-02-22,23:00:00,13.194202362972488,AGUACAPA,63.9915369627295,SAN ISIDRO,0,0,0,0,0
2021-02-23,00:00:00,44.96624312262817,JAGUAR ENERGY U1,47.59784228,LA LIBERTAD,0,0,0,0,0
2021-02-23,01:00:00,44.96624312262817,JAGUAR ENERGY U2,49.9299035323704,GENERADORA COSTA SUR,0,0,0,0,0
2021-02-23,02:00:00,44.96624312262817,JAGUAR ENERGY U2,49.9299035323704,GENERADORA COSTA SUR,0,0,0,0,0
2021-02-23,03:00:00,44.96624312262817,JAGUAR ENERGY U2,49.9299035323704,GENERADORA COSTA SUR,0,0,0,0,0
2021-02-23,04:00:00,44.96624312262817,JAGUAR ENERGY U2,49.9299035323704,GENERADORA COSTA SUR,0,0,0,0,0
2021-02-23,05:00:00,85.28940230717316,CHIXOY,85.28940231,CHIXOY,0,0,0,0,0
2021-02-23,06:00:00,45.05959962586656,JAGUAR ENERGY U2,86.89052496,CHIXOY,0,0,0,0,0
2021-02-23,07:00:00,45.05959962586656,JAGUAR ENERGY U2,86.89052496,CHIXOY,0,0,0,0,0
2021-02-23,08:00:00,51.092069201723085,GENERADORA COSTA SUR,86.89052496,CHIXOY,0,0,0,0,0
2021-02-23,09:00:00,45.05959962586656,JAGUAR ENERGY U2,86.89052496,CHIXOY,0,0,0,0,0
2021-02-23,10:00:00,46.74015136192272,LA LIBERTAD,86.89052496,CHIXOY,0,0,0,0,0
2021-02-23,11:00:00,45.05959962586656,JAGUAR ENERGY U2,86.89052496,CHIXOY,0,0,0,0,0
2021-02-23,12:00:00,45.05959962586656,JAGUAR ENERGY U2,86.89052496,CHIXOY,0,0,0,0,0
2021-02-23,13:00:00,45.05959962586656,JAGUAR ENERGY U2,69.6071969369074,SAN ISIDRO,0,0,0,0,0
2021-02-23,14:00:00,45.05959962586656,JAGUAR ENERGY U2,69.6071969369074,SAN ISIDRO,0,0,0,0,0
2021-02-23,15:00:00,45.05959962586656,JAGUAR ENERGY U2,69.6071969369074,SAN ISIDRO,0,0,0,0,0
2021-02-23,16:00:00,45.05959962586656,JAGUAR ENERGY U2,69.6071969369074,SAN ISIDRO,0,0,0,0,0
2021-02-23,17:00:00,45.05959962586656,JAGUAR ENERGY U2,69.6071969369074,SAN ISIDRO,0,0,0,0,0
2021-02-23,18:00:00,86.19279435085468,CHIXOY,86.19279435,CHIXOY,0,0,0,0,0
2021-02-23,19:00:00,86.19279435085468,CHIXOY,86.19279435,CHIXOY,0,0,0,0,0
2021-02-23,20:00:00,86.19279435085468,CHIXOY,69.674280253747,SAN ISIDRO,0,0,0,0,0
2021-02-23,21:00:00,69.67428025374707,SAN ISIDRO,69.674280253747,SAN ISIDRO,0,0,0,0,0
2021-02-23,22:00:00,44.96624312262817,JAGUAR ENERGY U2,44.9662431226281,JAGUAR ENERGY U2,0,0,0,0,0
2021-02-23,23:00:00,16.973017185023977,TRINIDAD BLOQUE 4,49.9299035323704,GENERADORA COSTA SUR,0,0,0,0,0
2021-02-24,00:00:00,45.02577776930666,JAGUAR ENERGY U2,49.9976339604789,GENERADORA COSTA SUR,0,0,0,0,0
2021-02-24,01:00:00,45.02577776930666,JAGUAR ENERGY U2,54.15730317,ACTUN CAN GENERACIÓN,0,0,0,0,0
2021-02-24,02:00:00,45.02577776930666,JAGUAR ENERGY U2,68.6621409276367,SAN ISIDRO,0,0,0,0,0
2021-02-24,03:00:00,45.02577776930666,JAGUAR ENERGY U2,68.6621409276367,SAN ISIDRO,0,0,0,0,0
2021-02-24,04:00:00,45.02577776930666,JAGUAR ENERGY U2,85.51775967,CHIXOY,0,0,0,0,0
2021-02-24,05:00:00,45.02577776930666,JAGUAR ENERGY U2,49.9976339604789,GENERADORA COSTA SUR,0,0,0,0,0
2021-02-24,06:00:00,45.0305161176489,JAGUAR ENERGY U2,86.46367173,CHIXOY,0,0,0,0,0
2021-02-24,07:00:00,51.135864728302,GENERADORA COSTA SUR,86.46367173,CHIXOY,0,0,0,0,0
2021-02-24,08:00:00,51.135864728302,GENERADORA COSTA SUR,86.46367173,CHIXOY,0,0,0,0,0
2021-02-24,09:00:00,45.0305161176489,JAGUAR ENERGY U2,86.46367173,CHIXOY,0,0,0,0,0
2021-02-24,10:00:00,51.135864728302,GENERADORA COSTA SUR,86.46367173,CHIXOY,0,0,0,0,0
2021-02-24,11:00:00,45.0305161176489,JAGUAR ENERGY U2,86.46367173,CHIXOY,0,0,0,0,0
2021-02-24,12:00:00,45.0305161176489,JAGUAR ENERGY U2,69.3272233837966,SAN ISIDRO,0,0,0,0,0
2021-02-24,13:00:00,45.0305161176489,JAGUAR ENERGY U2,69.3272233837966,SAN ISIDRO,0,0,0,0,0
2021-02-24,14:00:00,45.0305161176489,JAGUAR ENERGY U2,86.46367173,CHIXOY,0,0,0,0,0
2021-02-24,15:00:00,45.0305161176489,JAGUAR ENERGY U2,86.46367173,CHIXOY,0,0,0,0,0
2021-02-24,16:00:00,45.0305161176489,JAGUAR ENERGY U2,86.46367173,CHIXOY,0,0,0,0,0
2021-02-24,17:00:00,45.0305161176489,JAGUAR ENERGY U2,86.46367173,CHIXOY,0,0,0,0,0
2021-02-24,18:00:00,86.26816953920131,CHIXOY,86.26816954,CHIXOY,0,0,0,0,0
2021-02-24,19:00:00,86.26816953920131,CHIXOY,86.26816954,CHIXOY,0,0,0,0,0
2021-02-24,20:00:00,67.44220306075016,SAN ISIDRO,86.26816954,CHIXOY,0,0,0,0,0
2021-02-24,21:00:00,67.44220306075016,SAN ISIDRO,86.26816954,CHIXOY,0,0,0,0,0
2021-02-24,22:00:00,45.02577776930666,JAGUAR ENERGY U2,68.6621409276367,SAN ISIDRO,0,0,0,0,0
2021-02-24,23:00:00,45.02577776930666,JAGUAR ENERGY U1,68.6621409276367,SAN ISIDRO,0,0,0,0,0
2021-02-25,00:00:00,45.005458798506524,JAGUAR ENERGY U2,69.1655111275275,SAN ISIDRO,0,0,0,0,0
2021-02-25,01:00:00,45.005458798506524,JAGUAR ENERGY U2,45.0054587985065,JAGUAR ENERGY U2,0,0,0,0,0
2021-02-25,02:00:00,45.005458798506524,JAGUAR ENERGY U2,45.0054587985065,JAGUAR ENERGY U2,0,0,0,0,0
2021-02-25,03:00:00,45.005458798506524,JAGUAR ENERGY U2,45.0054587985065,JAGUAR ENERGY U2,0,0,0,0,0
2021-02-25,04:00:00,45.005458798506524,JAGUAR ENERGY U2,47.78815771,LA LIBERTAD,0,0,0,0,0
2021-02-25,05:00:00,49.98026608070273,GENERADORA COSTA SUR,69.1655111275275,SAN ISIDRO,0,0,0,0,0
2021-02-25,06:00:00,45.01978431575342,JAGUAR ENERGY U2,69.5253650348727,SAN ISIDRO,0,0,0,0,0
2021-02-25,07:00:00,86.37640441478445,CHIXOY,69.5253650348727,SAN ISIDRO,0,0,0,0,0
2021-02-25,08:00:00,51.067165913223484,GENERADORA COSTA SUR,69.5253650348727,SAN ISIDRO,0,0,0,0,0
2021-02-25,09:00:00,69.52536503487273,SAN ISIDRO,86.37640441,CHIXOY,0,0,0,0,0
2021-02-25,10:00:00,86.37640441478445,CHIXOY,86.37640441,CHIXOY,0,0,0,0,0
2021-02-25,11:00:00,69.52536503487273,SAN ISIDRO,86.37640441,CHIXOY,0,0,0,0,0
2021-02-25,12:00:00,86.37640441478445,CHIXOY,69.5253650348727,SAN ISIDRO,0,0,0,0,0
2021-02-25,13:00:00,86.37640441478445,CHIXOY,86.37640441,CHIXOY,0,0,0,0,0
2021-02-25,14:00:00,51.067165913223484,GENERADORA COSTA SUR,69.5253650348727,SAN ISIDRO,0,0,0,0,0
2021-02-25,15:00:00,51.067165913223484,GENERADORA COSTA SUR,86.37640441,CHIXOY,0,0,0,0,0
2021-02-25,16:00:00,45.01978431575342,JAGUAR ENERGY U2,69.5253650348727,SAN ISIDRO,0,0,0,0,0
2021-02-25,17:00:00,50.8715367716373,ACTUN CAN GENERACIÓN,69.5253650348727,SAN ISIDRO,0,0,0,0,0
2021-02-25,18:00:00,86.36812125749384,CHIXOY,86.36812126,CHIXOY,0,0,0,0,0
2021-02-25,19:00:00,86.36812125749384,CHIXOY,86.36812126,CHIXOY,0,0,0,0,0
2021-02-25,20:00:00,68.37107180544075,SAN ISIDRO,86.36812126,CHIXOY,0,0,0,0,0
2021-02-25,21:00:00,68.37107180544075,SAN ISIDRO,86.36812126,CHIXOY,0,0,0,0,0
2021-02-25,22:00:00,45.005458798506524,JAGUAR ENERGY U2,49.9802660807027,GENERADORA COSTA SUR,0,0,0,0,0
2021-02-25,23:00:00,45.005458798506524,JAGUAR ENERGY U1,49.9802660807027,GENERADORA COSTA SUR,0,0,0,0,0
2021-02-26,00:00:00,45.04639334016011,JAGUAR ENERGY U2,47.88435569,LA LIBERTAD,0,0,0,0,0
2021-02-26,01:00:00,45.04639334016011,JAGUAR ENERGY U2,50.052060714908,GENERADORA COSTA SUR,0,0,0,0,0
2021-02-26,02:00:00,45.04639334016011,JAGUAR ENERGY U2,50.052060714908,GENERADORA COSTA SUR,0,0,0,0,0
2021-02-26,03:00:00,45.04639334016011,JAGUAR ENERGY U2,50.052060714908,GENERADORA COSTA SUR,0,0,0,0,0
2021-02-26,04:00:00,45.04639334016011,JAGUAR ENERGY U2,50.052060714908,GENERADORA COSTA SUR,0,0,0,0,0
2021-02-26,05:00:00,50.05206071490805,GENERADORA COSTA SUR,47.88435569,LA LIBERTAD,0,0,0,0,0
2021-02-26,06:00:00,45.0721517524265,JAGUAR ENERGY U2,51.043746546265,GENERADORA COSTA SUR,0,0,0,0,0
2021-02-26,07:00:00,69.62052143357819,SAN ISIDRO,69.6205214335781,SAN ISIDRO,0,0,0,0,0
2021-02-26,08:00:00,69.62052143357819,SAN ISIDRO,86.0027972,CHIXOY,0,0,0,0,0
2021-02-26,09:00:00,69.62052143357819,SAN ISIDRO,86.0027972,CHIXOY,0,0,0,0,0
2021-02-26,10:00:00,69.62052143357819,SAN ISIDRO,86.0027972,CHIXOY,0,0,0,0,0
2021-02-26,11:00:00,69.62052143357819,SAN ISIDRO,86.0027972,CHIXOY,0,0,0,0,0
2021-02-26,12:00:00,86.00279719948853,CHIXOY,86.0027972,CHIXOY,0,0,0,0,0
2021-02-26,13:00:00,51.04374654626507,GENERADORA COSTA SUR,86.0027972,CHIXOY,0,0,0,0,0
2021-02-26,14:00:00,45.0721517524265,JAGUAR ENERGY U2,86.0027972,CHIXOY,0,0,0,0,0
2021-02-26,15:00:00,45.0721517524265,JAGUAR ENERGY U2,86.0027972,CHIXOY,0,0,0,0,0
2021-02-26,16:00:00,45.0721517524265,JAGUAR ENERGY U2,69.6205214335781,SAN ISIDRO,0,0,0,0,0
2021-02-26,17:00:00,51.04374654626507,GENERADORA COSTA SUR,51.043746546265,GENERADORA COSTA SUR,0,0,0,0,0
2021-02-26,18:00:00,85.79276115763602,CHIXOY,85.79276116,CHIXOY,0,0,0,0,0
2021-02-26,19:00:00,85.79276115763602,CHIXOY,85.79276116,CHIXOY,0,0,0,0,0
2021-02-26,20:00:00,85.79276115763602,CHIXOY,85.79276116,CHIXOY,0,0,0,0,0
2021-02-26,21:00:00,85.79276115763602,CHIXOY,85.79276116,CHIXOY,0,0,0,0,0
2021-02-26,22:00:00,45.04639334016011,JAGUAR ENERGY U2,50.052060714908,GENERADORA COSTA SUR,0,0,0,0,0
2021-02-26,23:00:00,45.04639334016011,JAGUAR ENERGY U2,69.087292493465,SAN ISIDRO,0,0,0,0,0
2021-02-27,00:00:00,84.79252368078834,CHIXOY,84.79252368,CHIXOY,0,0,0,0,0
2021-02-27,01:00:00,84.79252368078834,CHIXOY,84.79252368,CHIXOY,0,0,0,0,0
2021-02-27,02:00:00,84.79252368078834,CHIXOY,84.79252368,CHIXOY,0,0,0,0,0
2021-02-27,03:00:00,84.79252368078834,CHIXOY,70.0727945170701,SAN ISIDRO,0,0,0,0,0
2021-02-27,04:00:00,84.79252368078834,CHIXOY,84.79252368,CHIXOY,0,0,0,0,0
2021-02-27,05:00:00,89.9688433457757,ARIZONA,84.79252368,CHIXOY,0,0,0,0,0
2021-02-27,06:00:00,85.23499230519923,CHIXOY,85.23499231,CHIXOY,0,0,0,0,0
2021-02-27,07:00:00,85.23499230519923,CHIXOY,85.23499231,CHIXOY,0,0,0,0,0
2021-02-27,08:00:00,85.23499230519923,CHIXOY,85.23499231,CHIXOY,0,0,0,0,0
2021-02-27,09:00:00,85.23499230519923,CHIXOY,85.23499231,CHIXOY,0,0,0,0,0
2021-02-27,10:00:00,85.23499230519923,CHIXOY,85.23499231,CHIXOY,0,0,0,0,0
2021-02-27,11:00:00,85.23499230519923,CHIXOY,85.23499231,CHIXOY,0,0,0,0,0
2021-02-27,12:00:00,85.23499230519923,CHIXOY,85.23499231,CHIXOY,0,0,0,0,0
2021-02-27,13:00:00,85.23499230519923,CHIXOY,85.23499231,CHIXOY,0,0,0,0,0
2021-02-27,14:00:00,85.23499230519923,CHIXOY,85.23499231,CHIXOY,0,0,0,0,0
2021-02-27,15:00:00,85.23499230519923,CHIXOY,85.23499231,CHIXOY,0,0,0,0,0
2021-02-27,16:00:00,85.23499230519923,CHIXOY,85.23499231,CHIXOY,0,0,0,0,0
2021-02-27,17:00:00,85.23499230519923,CHIXOY,85.23499231,CHIXOY,0,0,0,0,0
2021-02-27,18:00:00,85.28955767264075,CHIXOY,85.28955767,CHIXOY,0,0,0,0,0
2021-02-27,19:00:00,85.28955767264075,CHIXOY,85.28955767,CHIXOY,0,0,0,0,0
2021-02-27,20:00:00,85.28955767264075,CHIXOY,85.28955767,CHIXOY,0,0,0,0,0
2021-02-27,21:00:00,85.28955767264075,CHIXOY,85.28955767,CHIXOY,0,0,0,0,0
2021-02-27,22:00:00,70.07279451707015,SAN ISIDRO,84.79252368,CHIXOY,0,0,0,0,0
2021-02-27,23:00:00,45.04688395290069,JAGUAR ENERGY U1,84.79252368,CHIXOY,0,0,0,0,0
2021-02-28,00:00:00,70.48268630382307,SAN ISIDRO,92.40694911,CHIXOY,0,0,0,0,0
2021-02-28,01:00:00,70.48268630382307,SAN ISIDRO,92.40694911,CHIXOY,0,0,0,0,0
2021-02-28,02:00:00,70.48268630382307,SAN ISIDRO,92.40694911,CHIXOY,0,0,0,0,0
2021-02-28,03:00:00,70.48268630382307,SAN ISIDRO,92.40694911,CHIXOY,0,0,0,0,0
2021-02-28,04:00:00,70.48268630382307,SAN ISIDRO,92.40694911,CHIXOY,0,0,0,0,0
2021-02-28,05:00:00,70.48268630382307,SAN ISIDRO,92.40694911,CHIXOY,0,0,0,0,0
2021-02-28,06:00:00,70.27142447902455,SAN ISIDRO,92.52022691,CHIXOY,0,0,0,0,0
2021-02-28,07:00:00,70.27142447902455,SAN ISIDRO,92.52022691,CHIXOY,0,0,0,0,0
2021-02-28,08:00:00,70.27142447902455,SAN ISIDRO,92.52022691,CHIXOY,0,0,0,0,0
2021-02-28,09:00:00,70.27142447902455,SAN ISIDRO,92.52022691,CHIXOY,0,0,0,0,0
2021-02-28,10:00:00,70.27142447902455,SAN ISIDRO,92.52022691,CHIXOY,0,0,0,0,0
2021-02-28,11:00:00,70.27142447902455,SAN ISIDRO,92.52022691,CHIXOY,0,0,0,0,0
2021-02-28,12:00:00,70.27142447902455,SAN ISIDRO,92.52022691,CHIXOY,0,0,0,0,0
2021-02-28,13:00:00,70.27142447902455,SAN ISIDRO,92.52022691,CHIXOY,0,0,0,0,0
2021-02-28,14:00:00,70.27142447902455,SAN ISIDRO,92.52022691,CHIXOY,0,0,0,0,0
2021-02-28,15:00:00,70.27142447902455,SAN ISIDRO,70.2714244790245,SAN ISIDRO,0,0,0,0,0
2021-02-28,16:00:00,70.27142447902455,SAN ISIDRO,70.2714244790245,SAN ISIDRO,0,0,0,0,0
2021-02-28,17:00:00,70.27142447902455,SAN ISIDRO,70.2714244790245,SAN ISIDRO,0,0,0,0,0
2021-02-28,18:00:00,70.58097455973807,SAN ISIDRO,70.580974559738,SAN ISIDRO,0,0,0,0,0
2021-02-28,19:00:00,70.58097455973807,SAN ISIDRO,19.91693075,LOS ESCLAVOS,0,0,0,0,0
2021-02-28,20:00:00,70.58097455973807,SAN ISIDRO,19.91693075,LOS ESCLAVOS,0,0,0,0,0
2021-02-28,21:00:00,92.92214992270564,CHIXOY,92.92214992,CHIXOY,0,0,0,0,0
2021-02-28,22:00:00,70.48268630382307,SAN ISIDRO,92.40694911,CHIXOY,0,0,0,0,0
2021-02-28,23:00:00,54.62837420624872,GENERADORA COSTA SUR,92.40694911,CHIXOY,0,0,0,0,0
